{
    "train": [
        {
            "mean_recall": -0.0008861238647444714,
            "loss": 0.6926602255317229
        },
        {
            "mean_recall": -0.0008861238647444714,
            "loss": 0.6926602255317229
        },
        {
            "mean_recall": -0.0008861238647444714,
            "loss": 0.6926602255317229
        }
    ],
    "valid": []
}